member_id,index_date,diabetes_flag,age_at_index,lb_3m_claim_count,lb_3m_paid_amt_sum,lb_3m_er_claim_count,lb_3m_pcp_visit_count,lb_3m_inpatient_claim_flag_sum,lb_3m_er_visit_count,lb_3m_inpatient_visit_count,lb_3m_observation_visit_count,lb_3m_los_sum,lb_3m_avoidable_visit_count,lb_3m_rx_fill_count,lb_3m_chronic_med_fill_count,lb_3m_avg_pdc,lb_3m_unique_drug_class_count,lb_3m_call_count,lb_3m_escalated_count,lb_3m_open_issue_count,lb_3m_negative_sentiment_count,lb_6m_claim_count,lb_6m_paid_amt_sum,lb_6m_er_claim_count,lb_6m_pcp_visit_count,lb_6m_inpatient_claim_flag_sum,lb_6m_er_visit_count,lb_6m_inpatient_visit_count,lb_6m_observation_visit_count,lb_6m_los_sum,lb_6m_avoidable_visit_count,lb_6m_rx_fill_count,lb_6m_chronic_med_fill_count,lb_6m_avg_pdc,lb_6m_unique_drug_class_count,lb_6m_call_count,lb_6m_escalated_count,lb_6m_open_issue_count,lb_6m_negative_sentiment_count,transport_issue,food_issue,housing_issue,financial_issue,social_isolation,digital_access,sex_f,sex_m,plan_type_aca exchange,plan_type_commercial hmo,plan_type_medicare advantage,lob_commercial,lob_exchange,lob_medicare,metro_region_atlanta metro,metro_region_dallas-fort worth,metro_region_houston metro,metro_region_los angeles metro,metro_region_miami metro,metro_region_orlando metro,metro_region_phoenix metro,actual,predicted_probability,predicted_class,top_driver_1_feature,top_driver_1_value,top_driver_1_contribution,top_driver_1_direction,top_driver_2_feature,top_driver_2_value,top_driver_2_contribution,top_driver_2_direction,top_driver_3_feature,top_driver_3_value,top_driver_3_contribution,top_driver_3_direction,explanation_method
M1019,2025-09-30,1.0079052613579391,-1.5247017981487179,1.3132444098303584,0.02628318296192177,-0.27514010195185234,2.4229179517610957,-0.1259881576697424,2.156904414255915,-0.43820631829154516,2.601129180927586,3.5414913843577267,2.156904414255915,0.0,0.0,0.0,0.0,0.0,0.0,0.0,0.0,0.6411369531226813,-0.13953273412837044,-0.4488044382635127,2.0839486533069937,-0.17962866835771707,1.109125209414487,-0.6805601902106247,1.8559214542766738,1.5789189391199248,1.4591507389988465,0.0,0.0,0.0,0.0,0.0,0.0,0.0,0.0,0.0,0.0,0.0,0.0,0.0,0.0,1.0741527127721526,-1.0741527127721526,-0.6765600350222402,-0.6274159654095468,1.2230588766993256,1.509645955384857,-0.8046439978285036,-0.6518925716434609,-0.45626824147721273,-0.5788108085058784,-0.48120607891299516,-0.2912705496860181,-0.40499526419597054,-0.3218575991314014,3.8099702119403793,1,0.005268451887719455,0,metro_region_phoenix metro,1.0,-2.360929932679595,decrease_risk,lb_6m_pcp_visit_count,2.0,-1.858148517265805,decrease_risk,lb_6m_avoidable_visit_count,1.0,1.4854932055722687,increase_risk,linear_contribution_fallback
M1050,2025-09-30,-0.9764082219405036,-0.19983023314948245,0.22463391220782447,-0.07023503953724075,-0.27514010195185234,0.8653278399146771,-0.1259881576697424,-0.45626824147721273,-0.43820631829154516,-0.37834606268037607,-0.5469842714060363,-0.45626824147721273,0.0,0.0,0.0,0.0,0.0,0.0,0.0,0.0,-0.2369419174583821,-0.2106511386857947,-0.4488044382635127,0.557335104954196,-0.17962866835771707,1.109125209414487,-0.6805601902106247,-0.5302632726504782,-0.7115522850639133,-0.5836602955995385,0.0,0.0,0.0,0.0,0.0,0.0,0.0,0.0,0.0,0.0,0.0,0.0,0.0,0.0,1.0741527127721526,-1.0741527127721526,1.4546040752978164,-0.6274159654095468,-0.8046439978285036,1.509645955384857,-0.8046439978285036,-0.6518925716434609,-0.45626824147721273,-0.5788108085058784,-0.48120607891299516,-0.2912705496860181,2.4299715851758235,-0.3218575991314014,-0.25830306521629687,1,0.5112025040139164,1,metro_region_miami metro,1.0,1.8870923121169418,increase_risk,lb_6m_er_visit_count,1.0,-1.2033671788992715,decrease_risk,lob_medicare,0.0,1.0589490901038339,increase_risk,linear_contribution_fallback
M1064,2025-09-30,-0.9764082219405036,0.5019282213706606,-0.8639765854147093,-0.2416435532647397,-0.27514010195185234,-0.6922622719317416,-0.1259881576697424,-0.45626824147721273,-0.43820631829154516,-0.37834606268037607,-0.5469842714060363,-0.45626824147721273,0.0,0.0,0.0,0.0,0.0,0.0,0.0,0.0,-0.2369419174583821,-0.2950333887195947,-0.4488044382635127,0.557335104954196,-0.17962866835771707,-0.8873001675315895,-0.6805601902106247,-0.5302632726504782,-0.7115522850639133,-0.5836602955995385,0.0,0.0,0.0,0.0,0.0,0.0,0.0,0.0,0.0,0.0,0.0,0.0,0.0,0.0,1.0741527127721526,-1.0741527127721526,1.4546040752978164,-0.6274159654095468,-0.8046439978285036,1.509645955384857,-0.8046439978285036,-0.6518925716434609,2.156904414255915,-0.5788108085058784,-0.48120607891299516,-0.2912705496860181,-0.40499526419597054,-0.3218575991314014,-0.25830306521629687,1,0.19516835409986616,0,lob_medicare,0.0,1.0589490901038339,increase_risk,metro_region_atlanta metro,1.0,-1.006590709644397,decrease_risk,lb_6m_er_visit_count,0.0,0.962693743119417,increase_risk,linear_contribution_fallback
M1062,2025-09-30,-0.9764082219405036,-0.1635323820536129,0.22463391220782447,-0.09739116930412275,-0.27514010195185234,0.8653278399146771,-0.1259881576697424,-0.45626824147721273,-0.43820631829154516,-0.37834606268037607,-0.5469842714060363,-0.45626824147721273,0.0,0.0,0.0,0.0,0.0,0.0,0.0,0.0,-0.2369419174583821,-0.23066083812873442,-0.4488044382635127,0.557335104954196,-0.17962866835771707,-0.8873001675315895,-0.6805601902106247,-0.5302632726504782,-0.7115522850639133,-0.5836602955995385,0.0,0.0,0.0,0.0,0.0,0.0,0.0,0.0,0.0,0.0,0.0,0.0,0.0,0.0,-0.9161890785409534,0.9161890785409538,1.4546040752978164,-0.6274159654095468,-0.8046439978285036,-0.6518925716434609,-0.8046439978285036,1.5096459553848567,2.156904414255915,-0.5788108085058784,-0.48120607891299516,-0.2912705496860181,-0.40499526419597054,-0.3218575991314014,-0.25830306521629687,1,0.0008091044929294244,0,lob_medicare,1.0,-2.452303156029931,decrease_risk,metro_region_atlanta metro,1.0,-1.006590709644397,decrease_risk,lb_6m_er_visit_count,0.0,0.962693743119417,increase_risk,linear_contribution_fallback
M1053,2025-09-30,1.0079052613579391,-0.5083619674643726,0.22463391220782447,-0.12060349448093173,-0.27514010195185234,0.8653278399146771,-0.1259881576697424,-0.45626824147721273,1.862376852739067,-0.37834606268037607,3.5414913843577267,-0.45626824147721273,0.0,0.0,0.0,0.0,0.0,0.0,0.0,0.0,1.5192158237037445,-0.17620171096496806,-0.4488044382635127,3.6105622016597914,-0.17962866835771707,-0.8873001675315895,1.0344514891201497,-0.5302632726504782,1.5789189391199248,-0.5836602955995385,0.0,0.0,0.0,0.0,0.0,0.0,0.0,0.0,0.0,0.0,0.0,0.0,0.0,0.0,1.0741527127721526,-1.0741527127721526,1.4546040752978164,-0.6274159654095468,-0.8046439978285036,-0.6518925716434609,1.2230588766993256,-0.6518925716434609,2.156904414255915,-0.5788108085058784,-0.48120607891299516,-0.2912705496860181,-0.40499526419597054,-0.3218575991314014,-0.25830306521629687,1,0.2185528590933111,0,lb_6m_pcp_visit_count,3.0,-3.2193503380535455,decrease_risk,lob_exchange,1.0,1.405981705874059,increase_risk,lob_medicare,0.0,1.0589490901038339,increase_risk,linear_contribution_fallback
M1016,2025-09-30,-0.9764082219405036,-0.39341877232745265,-0.8639765854147093,-0.2416435532647397,-0.27514010195185234,-0.6922622719317416,-0.1259881576697424,-0.45626824147721273,-0.43820631829154516,-0.37834606268037607,-0.5469842714060363,-0.45626824147721273,0.0,0.0,0.0,0.0,0.0,0.0,0.0,0.0,-0.2369419174583821,-0.07872440245979391,1.2144120094189168,-0.9692784433986017,-0.17962866835771707,-0.8873001675315895,-0.6805601902106247,-0.5302632726504782,-0.7115522850639133,-0.5836602955995385,0.0,0.0,0.0,0.0,0.0,0.0,0.0,0.0,0.0,0.0,0.0,0.0,0.0,0.0,1.0741527127721526,-1.0741527127721526,-0.6765600350222402,-0.6274159654095468,1.2230588766993256,1.509645955384857,-0.8046439978285036,-0.6518925716434609,-0.45626824147721273,-0.5788108085058784,-0.48120607891299516,-0.2912705496860181,-0.40499526419597054,-0.3218575991314014,3.8099702119403793,1,0.15912880440046692,0,metro_region_phoenix metro,1.0,-2.360929932679595,decrease_risk,lob_medicare,0.0,1.0589490901038339,increase_risk,lb_6m_er_visit_count,0.0,0.962693743119417,increase_risk,linear_contribution_fallback
M1077,2025-09-30,1.0079052613579391,1.016147778562145,0.22463391220782447,-0.08914850317637099,-0.27514010195185234,-0.6922622719317416,-0.1259881576697424,-0.45626824147721273,-0.43820631829154516,-0.37834606268037607,-0.5469842714060363,-0.45626824147721273,0.0,0.0,0.0,0.0,0.0,0.0,0.0,0.0,1.5192158237037445,0.26059373992842316,1.2144120094189168,0.557335104954196,-0.17962866835771707,1.109125209414487,1.0344514891201497,-0.5302632726504782,1.2517087642365192,1.4591507389988465,0.0,0.0,0.0,0.0,0.0,0.0,0.0,0.0,0.0,0.0,0.0,0.0,0.0,0.0,1.0741527127721526,-1.0741527127721526,1.4546040752978164,-0.6274159654095468,-0.8046439978285036,1.509645955384857,-0.8046439978285036,-0.6518925716434609,-0.45626824147721273,-0.5788108085058784,-0.48120607891299516,-0.2912705496860181,2.4299715851758235,-0.3218575991314014,-0.25830306521629687,1,0.9116927197367183,1,metro_region_miami metro,1.0,1.8870923121169418,increase_risk,lb_6m_avoidable_visit_count,1.0,1.4854932055722687,increase_risk,lb_6m_er_visit_count,1.0,-1.2033671788992715,decrease_risk,linear_contribution_fallback
M1057,2025-09-30,-0.9764082219405036,0.2538929055488858,-0.8639765854147093,-0.2416435532647397,-0.27514010195185234,-0.6922622719317416,-0.1259881576697424,-0.45626824147721273,-0.43820631829154516,-0.37834606268037607,-0.5469842714060363,-0.45626824147721273,0.0,0.0,0.0,0.0,0.0,0.0,0.0,0.0,-0.2369419174583821,-0.30438137567993334,-0.4488044382635127,0.557335104954196,-0.17962866835771707,-0.8873001675315895,-0.6805601902106247,1.8559214542766738,-0.057131935297102476,1.4591507389988465,0.0,0.0,0.0,0.0,0.0,0.0,0.0,0.0,0.0,0.0,0.0,0.0,0.0,0.0,1.0741527127721526,-1.0741527127721526,1.4546040752978164,-0.6274159654095468,-0.8046439978285036,-0.6518925716434609,-0.8046439978285036,1.5096459553848567,-0.45626824147721273,-0.5788108085058784,-0.48120607891299516,-0.2912705496860181,2.4299715851758235,-0.3218575991314014,-0.25830306521629687,0,0.2412597716147253,0,lob_medicare,1.0,-2.452303156029931,decrease_risk,metro_region_miami metro,1.0,1.8870923121169418,increase_risk,lb_6m_avoidable_visit_count,1.0,1.4854932055722687,increase_risk,linear_contribution_fallback
M1061,2025-09-30,1.0079052613579391,1.0524456296580142,1.3132444098303584,-0.004053188066848687,-0.27514010195185234,0.8653278399146771,-0.1259881576697424,-0.45626824147721273,1.862376852739067,-0.37834606268037607,3.5414913843577267,-0.45626824147721273,0.0,0.0,0.0,0.0,0.0,0.0,0.0,0.0,0.6411369531226813,-0.16188575982408238,-0.4488044382635127,0.557335104954196,-0.17962866835771707,-0.8873001675315895,2.749463168450924,1.8559214542766738,3.214969813536952,-0.5836602955995385,0.0,0.0,0.0,0.0,0.0,0.0,0.0,0.0,0.0,0.0,0.0,0.0,0.0,0.0,-0.9161890785409534,0.9161890785409538,1.4546040752978164,-0.6274159654095468,-0.8046439978285036,-0.6518925716434609,1.2230588766993256,-0.6518925716434609,-0.45626824147721273,-0.5788108085058784,-0.48120607891299516,-0.2912705496860181,2.4299715851758235,-0.3218575991314014,-0.25830306521629687,0,0.9044792565058362,1,metro_region_miami metro,1.0,1.8870923121169418,increase_risk,lob_exchange,1.0,1.405981705874059,increase_risk,lob_medicare,0.0,1.0589490901038339,increase_risk,linear_contribution_fallback
M1080,2025-09-30,1.0079052613579391,1.016147778562145,-0.8639765854147093,-0.2416435532647397,-0.27514010195185234,-0.6922622719317416,-0.1259881576697424,-0.45626824147721273,-0.43820631829154516,-0.37834606268037607,-0.5469842714060363,-0.45626824147721273,0.0,0.0,0.0,0.0,0.0,0.0,0.0,0.0,-1.1150207880394454,-0.3369516414117421,-0.4488044382635127,-0.9692784433986017,-0.17962866835771707,-0.8873001675315895,-0.6805601902106247,-0.5302632726504782,-0.7115522850639133,-0.5836602955995385,0.0,0.0,0.0,0.0,0.0,0.0,0.0,0.0,0.0,0.0,0.0,0.0,0.0,0.0,-0.9161890785409534,0.9161890785409538,-0.6765600350222402,-0.6274159654095468,1.2230588766993256,-0.6518925716434609,-0.8046439978285036,1.5096459553848567,-0.45626824147721273,1.700256749986018,-0.48120607891299516,-0.2912705496860181,-0.40499526419597054,-0.3218575991314014,-0.25830306521629687,0,0.0005638103193582792,0,lob_medicare,1.0,-2.452303156029931,decrease_risk,lb_6m_er_visit_count,0.0,0.962693743119417,increase_risk,lob_exchange,0.0,-0.9249879643908281,decrease_risk,linear_contribution_fallback
M1043,2025-09-30,1.0079052613579391,0.7318146116445008,-0.8639765854147093,-0.2416435532647397,-0.27514010195185234,-0.6922622719317416,-0.1259881576697424,-0.45626824147721273,-0.43820631829154516,-0.37834606268037607,-0.5469842714060363,-0.45626824147721273,0.0,0.0,0.0,0.0,0.0,0.0,0.0,0.0,-0.2369419174583821,-0.26245749675428587,-0.4488044382635127,0.557335104954196,-0.17962866835771707,-0.8873001675315895,2.749463168450924,-0.5302632726504782,1.9061291140033303,-0.5836602955995385,0.0,0.0,0.0,0.0,0.0,0.0,0.0,0.0,0.0,0.0,0.0,0.0,0.0,0.0,-0.9161890785409534,0.9161890785409538,-0.6765600350222402,-0.6274159654095468,1.2230588766993256,-0.6518925716434609,1.2230588766993256,-0.6518925716434609,-0.45626824147721273,1.700256749986018,-0.48120607891299516,-0.2912705496860181,-0.40499526419597054,-0.3218575991314014,-0.25830306521629687,0,0.03423941742159752,0,lob_exchange,1.0,1.405981705874059,increase_risk,lob_medicare,0.0,1.0589490901038339,increase_risk,lb_6m_er_visit_count,0.0,0.962693743119417,increase_risk,linear_contribution_fallback
M1063,2025-09-30,1.0079052613579391,-1.6880421280801303,0.22463391220782447,-0.1873351115476167,-0.27514010195185234,0.8653278399146771,-0.1259881576697424,-0.45626824147721273,-0.43820631829154516,-0.37834606268037607,-0.5469842714060363,-0.45626824147721273,0.0,0.0,0.0,0.0,0.0,0.0,0.0,0.0,-0.2369419174583821,-0.29693505564261274,-0.4488044382635127,0.557335104954196,-0.17962866835771707,1.109125209414487,-0.6805601902106247,-0.5302632726504782,-0.7115522850639133,-0.5836602955995385,0.0,0.0,0.0,0.0,0.0,0.0,0.0,0.0,0.0,0.0,0.0,0.0,0.0,0.0,-0.9161890785409534,0.9161890785409538,-0.6765600350222402,-0.6274159654095468,1.2230588766993256,1.509645955384857,-0.8046439978285036,-0.6518925716434609,-0.45626824147721273,-0.5788108085058784,-0.48120607891299516,-0.2912705496860181,-0.40499526419597054,-0.3218575991314014,3.8099702119403793,0,0.0004516370423911036,0,metro_region_phoenix metro,1.0,-2.360929932679595,decrease_risk,lb_6m_er_visit_count,1.0,-1.2033671788992715,decrease_risk,lob_medicare,0.0,1.0589490901038339,increase_risk,linear_contribution_fallback
M1038,2025-09-30,-0.9764082219405036,1.2036866758908036,0.22463391220782447,-0.10242686945349957,-0.27514010195185234,-0.6922622719317416,-0.1259881576697424,-0.45626824147721273,-0.43820631829154516,2.601129180927586,0.03708367941735839,-0.45626824147721273,0.0,0.0,0.0,0.0,0.0,0.0,0.0,0.0,-0.2369419174583821,-0.2343713391220196,-0.4488044382635127,-0.9692784433986017,-0.17962866835771707,-0.8873001675315895,1.0344514891201497,1.8559214542766738,1.5789189391199248,-0.5836602955995385,0.0,0.0,0.0,0.0,0.0,0.0,0.0,0.0,0.0,0.0,0.0,0.0,0.0,0.0,1.0741527127721526,-1.0741527127721526,-0.6765600350222402,1.5685399135238673,-0.8046439978285036,-0.6518925716434609,1.2230588766993256,-0.6518925716434609,-0.45626824147721273,-0.5788108085058784,-0.48120607891299516,-0.2912705496860181,-0.40499526419597054,-0.3218575991314014,3.8099702119403793,0,0.6903430311330506,1,metro_region_phoenix metro,1.0,-2.360929932679595,decrease_risk,lob_exchange,1.0,1.405981705874059,increase_risk,lob_medicare,0.0,1.0589490901038339,increase_risk,linear_contribution_fallback
M1001,2025-09-30,-0.9764082219405036,-0.12723453095774337,-0.8639765854147093,-0.2416435532647397,-0.27514010195185234,-0.6922622719317416,-0.1259881576697424,-0.45626824147721273,-0.43820631829154516,-0.37834606268037607,-0.5469842714060363,-0.45626824147721273,0.0,0.0,0.0,0.0,0.0,0.0,0.0,0.0,-0.2369419174583821,-0.20475203286098875,-0.4488044382635127,0.557335104954196,-0.17962866835771707,1.109125209414487,1.0344514891201497,-0.5302632726504782,0.5972884144697084,-0.5836602955995385,0.0,0.0,0.0,0.0,0.0,0.0,0.0,0.0,0.0,0.0,0.0,0.0,0.0,0.0,-0.9161890785409534,0.9161890785409538,-0.6765600350222402,-0.6274159654095468,1.2230588766993256,1.509645955384857,-0.8046439978285036,-0.6518925716434609,-0.45626824147721273,-0.5788108085058784,-0.48120607891299516,-0.2912705496860181,2.4299715851758235,-0.3218575991314014,-0.25830306521629687,0,0.05469893775408116,0,metro_region_miami metro,1.0,1.8870923121169418,increase_risk,lb_6m_er_visit_count,1.0,-1.2033671788992715,decrease_risk,lob_medicare,0.0,1.0589490901038339,increase_risk,linear_contribution_fallback
M1010,2025-09-30,-0.9764082219405036,0.048205082672292295,0.22463391220782447,-0.1599079167992292,-0.27514010195185234,0.8653278399146771,-0.1259881576697424,-0.45626824147721273,-0.43820631829154516,-0.37834606268037607,-0.5469842714060363,-0.45626824147721273,0.0,0.0,0.0,0.0,0.0,0.0,0.0,0.0,-0.2369419174583821,-0.27672562491042113,-0.4488044382635127,0.557335104954196,-0.17962866835771707,-0.8873001675315895,-0.6805601902106247,-0.5302632726504782,-0.7115522850639133,-0.5836602955995385,0.0,0.0,0.0,0.0,0.0,0.0,0.0,0.0,0.0,0.0,0.0,0.0,0.0,0.0,1.0741527127721526,-1.0741527127721526,-0.6765600350222402,-0.6274159654095468,1.2230588766993256,1.509645955384857,-0.8046439978285036,-0.6518925716434609,-0.45626824147721273,-0.5788108085058784,-0.48120607891299516,3.3787383763578105,-0.40499526419597054,-0.3218575991314014,-0.25830306521629687,0,0.5237363761224686,1,metro_region_los angeles metro,1.0,1.155510174759708,increase_risk,lob_medicare,0.0,1.0589490901038339,increase_risk,lb_6m_er_visit_count,0.0,0.962693743119417,increase_risk,linear_contribution_fallback
M1036,2025-09-30,-0.9764082219405036,-1.3250636171214356,-0.8639765854147093,-0.2416435532647397,-0.27514010195185234,-0.6922622719317416,-0.1259881576697424,-0.45626824147721273,-0.43820631829154516,-0.37834606268037607,-0.5469842714060363,-0.45626824147721273,0.0,0.0,0.0,0.0,0.0,0.0,0.0,0.0,-1.1150207880394454,-0.3369516414117421,-0.4488044382635127,-0.9692784433986017,-0.17962866835771707,-0.8873001675315895,-0.6805601902106247,1.8559214542766738,0.9244985893531138,-0.5836602955995385,0.0,0.0,0.0,0.0,0.0,0.0,0.0,0.0,0.0,0.0,0.0,0.0,0.0,0.0,1.0741527127721526,-1.0741527127721526,1.4546040752978164,-0.6274159654095468,-0.8046439978285036,-0.6518925716434609,1.2230588766993256,-0.6518925716434609,-0.45626824147721273,-0.5788108085058784,2.0451258353802295,-0.2912705496860181,-0.40499526419597054,-0.3218575991314014,-0.25830306521629687,0,0.9313060284831232,1,lob_exchange,1.0,1.405981705874059,increase_risk,lob_medicare,0.0,1.0589490901038339,increase_risk,lb_6m_er_visit_count,0.0,0.962693743119417,increase_risk,linear_contribution_fallback
M1049,2025-09-30,-0.9764082219405036,0.737864253493812,3.490465405075426,0.8244588368130321,5.502802039037047,-0.6922622719317416,-0.1259881576697424,-0.45626824147721273,1.862376852739067,-0.37834606268037607,2.957423433534332,-0.45626824147721273,0.0,0.0,0.0,0.0,0.0,0.0,0.0,0.0,3.275373564865871,0.7687804677039911,4.540844904783776,-0.9692784433986017,-0.17962866835771707,-0.8873001675315895,1.0344514891201497,1.8559214542766738,3.214969813536952,1.4591507389988465,0.0,0.0,0.0,0.0,0.0,0.0,0.0,0.0,0.0,0.0,0.0,0.0,0.0,0.0,1.0741527127721526,-1.0741527127721526,1.4546040752978164,-0.6274159654095468,-0.8046439978285036,1.509645955384857,-0.8046439978285036,-0.6518925716434609,-0.45626824147721273,1.700256749986018,-0.48120607891299516,-0.2912705496860181,-0.40499526419597054,-0.3218575991314014,-0.25830306521629687,0,0.958785784806611,1,lb_3m_er_claim_count,2.0,-3.036966732319481,decrease_risk,lb_6m_er_claim_count,3.0,1.549423941355029,increase_risk,lb_6m_avoidable_visit_count,1.0,1.4854932055722687,increase_risk,linear_contribution_fallback
M1028,2025-09-30,-0.9764082219405036,-0.7382483577382127,0.22463391220782447,-0.15405138607205404,-0.27514010195185234,-0.6922622719317416,-0.1259881576697424,-0.45626824147721273,-0.43820631829154516,-0.37834606268037607,-0.5469842714060363,-0.45626824147721273,0.0,0.0,0.0,0.0,0.0,0.0,0.0,0.0,-0.2369419174583821,-0.2724103038158802,-0.4488044382635127,-0.9692784433986017,-0.17962866835771707,-0.8873001675315895,-0.6805601902106247,-0.5302632726504782,-0.7115522850639133,-0.5836602955995385,0.0,0.0,0.0,0.0,0.0,0.0,0.0,0.0,0.0,0.0,0.0,0.0,0.0,0.0,1.0741527127721526,-1.0741527127721526,1.4546040752978164,-0.6274159654095468,-0.8046439978285036,1.509645955384857,-0.8046439978285036,-0.6518925716434609,-0.45626824147721273,-0.5788108085058784,-0.48120607891299516,3.3787383763578105,-0.40499526419597054,-0.3218575991314014,-0.25830306521629687,0,0.9415752868346988,1,metro_region_los angeles metro,1.0,1.155510174759708,increase_risk,lob_medicare,0.0,1.0589490901038339,increase_risk,lb_6m_er_visit_count,0.0,0.962693743119417,increase_risk,linear_contribution_fallback
M1069,2025-09-30,1.0079052613579391,-1.288765766025566,2.401854907452892,0.5141543358721303,2.6138309685425973,2.4229179517610957,-0.1259881576697424,-0.45626824147721273,-0.43820631829154516,-0.37834606268037607,-0.5469842714060363,-0.45626824147721273,0.0,0.0,0.0,0.0,0.0,0.0,0.0,0.0,2.397294694284808,0.3400192782486761,1.2144120094189168,3.6105622016597914,-0.17962866835771707,-0.8873001675315895,-0.6805601902106247,1.8559214542766738,0.5972884144697084,-0.5836602955995385,0.0,0.0,0.0,0.0,0.0,0.0,0.0,0.0,0.0,0.0,0.0,0.0,0.0,0.0,-0.9161890785409534,0.9161890785409538,1.4546040752978164,-0.6274159654095468,-0.8046439978285036,-0.6518925716434609,-0.8046439978285036,1.5096459553848567,-0.45626824147721273,-0.5788108085058784,-0.48120607891299516,-0.2912705496860181,2.4299715851758235,-0.3218575991314014,-0.25830306521629687,0,0.0003859697086456856,0,lb_6m_pcp_visit_count,3.0,-3.2193503380535455,decrease_risk,lob_medicare,1.0,-2.452303156029931,decrease_risk,metro_region_miami metro,1.0,1.8870923121169418,increase_risk,linear_contribution_fallback
M1040,2025-09-30,-0.9764082219405036,1.215785959589427,0.22463391220782447,-0.12525741296621629,-0.27514010195185234,0.8653278399146771,-0.1259881576697424,-0.45626824147721273,-0.43820631829154516,-0.37834606268037607,-0.5469842714060363,-0.45626824147721273,0.0,0.0,0.0,0.0,0.0,0.0,0.0,0.0,-0.2369419174583821,-0.25119377728717907,-0.4488044382635127,0.557335104954196,-0.17962866835771707,-0.8873001675315895,-0.6805601902106247,1.8559214542766738,-0.3843421101805079,1.4591507389988465,0.0,0.0,0.0,0.0,0.0,0.0,0.0,0.0,0.0,0.0,0.0,0.0,0.0,0.0,-0.9161890785409534,0.9161890785409538,1.4546040752978164,-0.6274159654095468,-0.8046439978285036,-0.6518925716434609,1.2230588766993256,-0.6518925716434609,2.156904414255915,-0.5788108085058784,-0.48120607891299516,-0.2912705496860181,-0.40499526419597054,-0.3218575991314014,-0.25830306521629687,0,0.4244766773717195,0,lb_6m_avoidable_visit_count,1.0,1.4854932055722687,increase_risk,lob_exchange,1.0,1.405981705874059,increase_risk,lob_medicare,0.0,1.0589490901038339,increase_risk,linear_contribution_fallback
M1021,2025-09-30,1.0079052613579391,0.6289707002062038,-0.8639765854147093,-0.2416435532647397,-0.27514010195185234,-0.6922622719317416,-0.1259881576697424,-0.45626824147721273,-0.43820631829154516,-0.37834606268037607,-0.5469842714060363,-0.45626824147721273,0.0,0.0,0.0,0.0,0.0,0.0,0.0,0.0,0.6411369531226813,-0.13401902529831816,-0.4488044382635127,0.557335104954196,-0.17962866835771707,-0.8873001675315895,-0.6805601902106247,-0.5302632726504782,-0.7115522850639133,-0.5836602955995385,0.0,0.0,0.0,0.0,0.0,0.0,0.0,0.0,0.0,0.0,0.0,0.0,0.0,0.0,1.0741527127721526,-1.0741527127721526,1.4546040752978164,-0.6274159654095468,-0.8046439978285036,1.509645955384857,-0.8046439978285036,-0.6518925716434609,-0.45626824147721273,-0.5788108085058784,-0.48120607891299516,-0.2912705496860181,-0.40499526419597054,3.0576471917483135,-0.25830306521629687,0,0.5875349302274229,1,lob_medicare,0.0,1.0589490901038339,increase_risk,lb_6m_er_visit_count,0.0,0.962693743119417,increase_risk,lob_exchange,0.0,-0.9249879643908281,decrease_risk,linear_contribution_fallback
